{"cameraMode":{"drawMode":2,"name":"Shaded Wireframe","section":"Shading Mode"},"sceneLighting":false,"audioPlay":false,"sceneViewState":{"showFog":true,"showMaterialUpdate":false,"showSkybox":false,"showFlares":true,"showImageEffects":true,"showParticleSystems":true},"in2DMode":false,"pivot":{"x":0.4883849322795868,"y":-0.2751446068286896,"z":0.34336045384407046},"rotation":{"x":0.3012123703956604,"y":0.045743100345134738,"z":-0.014465009793639183,"w":0.9524044990539551},"size":6.238349437713623,"orthographic":false}