{"cameraMode":{"drawMode":2,"name":"Shaded Wireframe","section":"Shading Mode"},"sceneLighting":true,"audioPlay":false,"sceneViewState":{"showFog":true,"showMaterialUpdate":false,"showSkybox":true,"showFlares":true,"showImageEffects":true,"showParticleSystems":true},"in2DMode":false,"pivot":{"x":6.886629581451416,"y":-4.853233814239502,"z":-3.8219473361968996},"rotation":{"x":0.18142256140708924,"y":0.7618716359138489,"z":-0.23922663927078248,"w":0.574651837348938},"size":6.918739318847656,"orthographic":false}