{"cameraMode":{"drawMode":2,"name":"Shaded Wireframe","section":"Shading Mode"},"sceneLighting":false,"audioPlay":false,"sceneViewState":{"showFog":true,"showMaterialUpdate":false,"showSkybox":false,"showFlares":true,"showImageEffects":true,"showParticleSystems":true},"in2DMode":false,"pivot":{"x":-0.00069427490234375,"y":7.2867279052734379,"z":0.7730039954185486},"rotation":{"x":-0.0621737502515316,"y":0.9378502368927002,"z":-0.2432822436094284,"w":-0.23966948688030244},"size":9.811527252197266,"orthographic":false}