{"cameraMode":{"drawMode":2,"name":"Shaded Wireframe","section":"Shading Mode"},"sceneLighting":true,"audioPlay":false,"sceneViewState":{"showFog":true,"showMaterialUpdate":false,"showSkybox":true,"showFlares":true,"showImageEffects":true,"showParticleSystems":true},"in2DMode":false,"pivot":{"x":8.050073623657227,"y":6.832706928253174,"z":20.646343231201173},"rotation":{"x":0.006920542102307081,"y":0.9921392798423767,"z":-0.10938964039087296,"w":0.06290537863969803},"size":10.0,"orthographic":false}