{"cameraMode":{"drawMode":2,"name":"Shaded Wireframe","section":"Shading Mode"},"sceneLighting":false,"audioPlay":false,"sceneViewState":{"showFog":true,"showMaterialUpdate":false,"showSkybox":false,"showFlares":true,"showImageEffects":true,"showParticleSystems":true},"in2DMode":false,"pivot":{"x":0.05632608383893967,"y":0.9432792067527771,"z":-0.5272181630134583},"rotation":{"x":-0.05817348510026932,"y":0.938866913318634,"z":-0.2753821909427643,"w":-0.1983458697795868},"size":2.72090744972229,"orthographic":false}