{"cameraMode":{"drawMode":2,"name":"Shaded Wireframe","section":"Shading Mode"},"sceneLighting":true,"audioPlay":false,"sceneViewState":{"showFog":true,"showMaterialUpdate":false,"showSkybox":true,"showFlares":true,"showImageEffects":true,"showParticleSystems":true},"in2DMode":false,"pivot":{"x":18.539817810058595,"y":-1.1054670810699463,"z":5.854750633239746},"rotation":{"x":0.1582820862531662,"y":0.636942446231842,"z":-0.13619284331798554,"w":0.7423808574676514},"size":11.887755393981934,"orthographic":false}