{"cameraMode":{"drawMode":2,"name":"Shaded Wireframe","section":"Shading Mode"},"sceneLighting":false,"audioPlay":false,"sceneViewState":{"showFog":true,"showMaterialUpdate":false,"showSkybox":false,"showFlares":true,"showImageEffects":true,"showParticleSystems":true},"in2DMode":false,"pivot":{"x":-7.970746994018555,"y":5.677906036376953,"z":-2.0757272243499758},"rotation":{"x":-0.019917305558919908,"y":0.9774634838104248,"z":-0.10776796191930771,"w":-0.18059304356575013},"size":8.317895889282227,"orthographic":false}